MapYourGrid,License of Database CC BY 4.0,,KM,,,,,,,,,,,,,,,,,,,,,,,,,,,,,,,,,,,,,,,,,,,,,,,,,,,,,,Ranges for edge cases:,,,,,,,,
Countries,Found,Circuit,Total (220kv+),Total,50kv,57.5kv,60kv,63kv,65kv,66kv,69kv,70kv,78kv,85kv,90kv,100kv,110kv,115kv,120kv,132kv,138kv,150kv,154kv,161kv,180kv (DC),187kv,220kv,225kv,230kv,250kv (DC),275kv,300kv,320kv,330kv,345kv,350kv,380kv,400kv,420kv,440kv,450kv DC,500kv (AC/DC),533kv (DC),600kv (DC),660kv (DC),750kv,765kv,800kv (DC),1150kv,Date,Source for total if different,Source,Notes,ISO-2 Code,Wikidata QID,Last Updated,44kv-88kv,66kv-77kv,30kv-132kv,110kv-154kv,220kv-380kv,110kv-150kv,220kv-750kv,70kv-130kv,131kv-400kv
Afghanistan,No,,,,,,,,,,,,,,,,,,,,,,,,,,,,,,,,,,,,,,,,,,,,,,,,,,,,,AF,http://www.wikidata.org/entity/Q889,31/10/2025,,,,,,,,,
Albania,Yes,,1743,3478,,,,,,,,,,,,,1701,,,,,34,,,,,1297,,,,,,,,,,,446,,,,,,,,,,,,2023,,https://ost.al/en/annual-report-2023/,,AL,http://www.wikidata.org/entity/Q222,31/10/2025,,,,,,,,,
Algeria,Yes,,,34237,,,,,,,,,,,,,,,,,,,,,,,,,,,,,,,,,,,,,,,,,,,,,,2023,,https://creg.gov.dz/wp-content/uploads/2025/01/CHIFFRES-CLES-2023-1.pdf,,DZ,http://www.wikidata.org/entity/Q262,31/10/2025,,,,,,,,,
Andorra,Yes,,9,92,,,,,,,,,,,,,83,,,,,,,,,,,9,,,,,,,,,,,,,,,,,,,,,,2024,,https://www.feda.ad/fitxers/documents/memoria-sostenibilitat-2024,,AD,http://www.wikidata.org/entity/Q228,31/10/2025,,,,,,,,,
Angola,Yes,,5529,6067,,,,,,,,,,,,,291,,,57,,190,,,,,3305,,,,,,,,,,,2224,,,,,,,,,,,,2021,,https://minea.gov.ao/index.php/rnt,,AO,http://www.wikidata.org/entity/Q916,31/10/2025,,,,,,,,,
Antigua and Barbuda,No,,,,,,,,,,,,,,,,,,,,,,,,,,,,,,,,,,,,,,,,,,,,,,,,,,,,,AG,http://www.wikidata.org/entity/Q781,,,,,,,,,,
Argentina,Yes,,18011,37293,,,,,,,,,,,,,,,,19282,,,,,,,1712,,,,,,,1116,273,,,,,,,14910,,,,,,,,2024,,https://microfe.cammesa.com/static-content/CammesaWeb/download-manager-files/Informe%20Anual/2025/Informe%20Anual%202024.pdf,Missing DSO 110kv! Getting this data and including would significantly impact the total,AR,http://www.wikidata.org/entity/Q414,31/10/2025,,,,,,,,,
Armenia,No,,,,,,,,,,,,,,,,,,,,,,,,,,,,,,,,,,,,,,,,,,,,,,,,,,,,,AM,http://www.wikidata.org/entity/Q399,31/10/2025,,,,,,,,,
Australia,Yes,Yes,29371,82984,,,,,,24254,,,,,,,3574,,,25785,,,,,,,7413,,,,10562,,,8653,,,,359,,,,2384,,,,,,,,2024,,https://digital.atlas.gov.au/datasets/digitalatlas::electricity-transmission-lines/about ; https://www.aer.gov.au/system/files/2025-08/State%20of%20the%20energy%20market%202025%20-%20Chapter%203%20-%20Electricity%20networks.pdf ;  https://www.westernpower.com.au/4a20d4/siteassets/documents/reports/state-of-the-infrastructure/state-of-the-infrastructure-report-2023-24.pdf ; https://www.horizonpower.com.au/globalassets/media/documents/annual-reports/20242025/2024-25-annual-report_horizon-power.pdf,"Could not find per voltage, just total. It is unclear what voltage level the AER number is for. Check calculations tab. Total here was computed from the digital atlas, but other numbers were also calculated in the calcualtions sheet. Due to the similarity with OSM numbers from the digitalatlas, these numbers were chosen. ",AU,http://www.wikidata.org/entity/Q408,04/11/2025,,,,,,,,,
Austria,Yes,,6768,17594,,,,,,,,,,,,,10826,,,,,,,,,,3616,,,,,,,,,,3152,,,,,,,,,,,,,2024,,https://www.entsoe.eu/publications/data/power-stats/2024/inventory_of_transmission_2024.csv ; https://www.apg.at/en/about-us/apg/our-company/,ENTSOE numbers from inventory. 380kv is 380kv-400kv technically. Includes cables and OHL.,AT,http://www.wikidata.org/entity/Q40,31/10/2025,,,,,,,,,
Azerbaijan,Yes,,3555,7880,,,,,,,,,,,,,4325,,,,,,,,,,1505,,31,,,,,1542,,,,,,,,477,,,,,,,,Unknown,,https://azerenerji.gov.az/energytransfer,,AZ,http://www.wikidata.org/entity/Q227,31/10/2025,,,,,,,,,
The Bahamas,No,,,,,,,,,,,,,,,,,,,,,,,,,,,,,,,,,,,,,,,,,,,,,,,,,,,,,BS,http://www.wikidata.org/entity/Q778,31/10/2025,,,,,,,,,
Bahrain,Yes,,790,1923,,,,,,1133,,,,,,,,,,,,,,,,,650,,,,,,,,,,,140,,,,,,,,,,,,2024,,https://ewa-new-website.s3.me-south-1.amazonaws.com/uploads/book_2024_final_p_1.pdf,All underground? ,BH,http://www.wikidata.org/entity/Q398,31/10/2025,,,,,,,,,
Bangladesh,Yes,Yes,7865,17211,,,,,,,,,,,,,,,,9346,,,,,,,,,4751,,,,,,,,,3114,,,,,,,,,,,,2025,,https://pgcb.gov.bd/site/page/05a258ae-2288-44d5-95c1-4e30b35eb7ec/-,,BD,http://www.wikidata.org/entity/Q902,31/10/2025,,,,,,,,,
Barbados,Yes,,0,150,,,,,,,,,,,,,,,,,,,,,,,,,,,,,,,,,,,,,,,,,,,,,,Unknown,,https://www.blpc.com.bb/index.php/company/how-we-serve-you/how-we-deliver-electricity,,BB,http://www.wikidata.org/entity/Q244,31/10/2025,,,,,,,,,
Belarus,Yes,,7670,25010,,,,,,,,,,,,,17340,,,,,,,,,,,,,,,,,,,,,,,,,,,,,,,,,2022,,https://www-pub.iaea.org/MTCD/publications/PDF/cnpp2022/countryprofiles/Belarus/Belarus.htm,IAEA numbers,BY,http://www.wikidata.org/entity/Q184,,,,,,,,7670,,
Belgium,Yes,Yes,,5653,,,,,,,,,,,,,,,,,,,,,,,,,,,,,,,,,,,,,,,,,,,,,,2024,,https://www.entsoe.eu/publications/data/power-stats/2024/inventory_of_transmission_2024.csv ; https://www.apg.at/en/about-us/apg/our-company/,ENTSOE numbers,BE,http://www.wikidata.org/entity/Q31,,,,,,,,,,
Belize,No,,,,,,,,,,,,,,,,,,,,,,,,,,,,,,,,,,,,,,,,,,,,,,,,,,,,,BZ,http://www.wikidata.org/entity/Q242,31/10/2025,,,,,,,,,
Benin,No,,,,,,,,,,,,,,,,,,,,,,,,,,,,,,,,,,,,,,,,,,,,,,,,,,,,,BJ,http://www.wikidata.org/entity/Q962,31/10/2025,,,,,,,,,
Bhutan,Yes,Yes,1564,2761,,,,,,536,,,,,,,,,,661,,,,,,,553,,,,,,,,,,,1011,,,,,,,,,,,,2024,,https://www.bpc.bt/wp-content/themes/bpc/assets/downloads/Power%20Data%20Book%202024.pdf,,BT,http://www.wikidata.org/entity/Q917,31/10/2025,,,,,,,,,
Bolivia,Yes,,4848,7026,,,,,,,214,,,,,,,1964,,,,,,,,,,,4612,,,,,,,,,,,,,236,,,,,,,,2025,,https://www.cndc.bo/agentes/transmision.php,,BO,http://www.wikidata.org/entity/Q750,31/10/2025,,,,,,,,,
Bosnia and Herzegovina,Yes,,2392,6516,,,,,,,,,,,,,4124,,,,,,,,,,1526,,,,,,,,,,,866,,,,,,,,,,,,2024,,https://www.derk.ba/DocumentsPDFs/BIH-SERC-Annual-Report-2024.pdf,,BA,http://www.wikidata.org/entity/Q225,31/10/2025,,,,,,,,,
Botswana,Yes,,3446,5608,,,,,,,,,,,,,,,,2162,,,,,,,2200,,,,,,,,,,,1246,,,,,,,,,,,,2025,,"https://www.bpc.bw/portfolio-items/gaborone-power-project/#:~:text=Botswana%E2%80%99s%20national%20electricity%20grid%20comprises,transmission%20operating%20at%2066kV",,BW,http://www.wikidata.org/entity/Q963,31/10/2025,,,,,,,,,
Brazil,Yes,,189308,189308,,,,,,,,,,,,,,,,,,,,,,,,,70296,,,,,,11095,,,,,6935,,72345,,12816,,2683,,9204,,2023/2024,https://www.gov.br/mme/pt-br/assuntos/secretarias/secretaria-nacional-energia-eletrica/publicacoes/boletim-anual-de-monitoramento-do-sistema-eletrico/consolidacao-2024/boletim-especial-consolidacao-2024_snee-ddos-vfinal.pdf/view,https://www.mme.gov.br/SIEBRASIL/consultas/reporte-dato42-jerarquizado.aspx?oc=30183&or=30184&ss=2&v=1,only 220kv+. So does not include 132kv,BR,http://www.wikidata.org/entity/Q155,31/10/2025,,,,,,,,,
Brunei,No,,,,,,,,,,,,,,,,,,,,,,,,,,,,,,,,,,,,,,,,,,,,,,,,,,,,,BN,http://www.wikidata.org/entity/Q921,31/10/2025,,,,,,,,,
Bulgaria,Yes,,5816,16153,,,12,,,,,,,,,,10325,,,,,,,,,,2714,,,,,,,,,,,3102,,,,,,,,,,,,Unknown,,https://www.eso.bg/doc/?transmission,,BG,http://www.wikidata.org/entity/Q219,31/10/2025,,,,,,,,,
Burkina Faso,No,,,,,,,,,,,,,,,,,,,,,,,,,,,,,,,,,,,,,,,,,,,,,,,,,,,,,BF,http://www.wikidata.org/entity/Q965,31/10/2025,,,,,,,,,
Burundi,No,,,,,,,,,,,,,,,,,,,,,,,,,,,,,,,,,,,,,,,,,,,,,,,,,,,,,BI,http://www.wikidata.org/entity/Q967,31/10/2025,,,,,,,,,
Cabo Verde,Yes,,0,79,,79,,,,,,,,,,,,,,,,,,,,,,,,,,,,,,,,,,,,,,,,,,,,2023,,"https://www.electra.cv/backend/web/uploads/RELAT%C3%93RIOECONTAS2023ELECTRA,SA.pdf",,CV,http://www.wikidata.org/entity/Q1011,31/10/2025,,,,,,,,,
Cambodia,Yes,Yes,4141,6669,,,,,,,,,,,,,,2527,,,,,,,,,,,3787,,,,,,,,,,,,,354,,,,,,,,2023,,https://eac.gov.kh/site/viewfile?param=annual_report%2Fenglish%2FAnnual-Report-2023-en.pdf&lang=en7,,KH,http://www.wikidata.org/entity/Q424,31/10/2025,,,,,,,,,
Cameroon,No,,,,,,,,,,,,,,,,,,,,,,,,,,,,,,,,,,,,,,,,,,,,,,,,,,,https://web.archive.org/web/20250622050955/https://ins-cameroun.cm/wp-content/uploads/2023/06/Maquette-de-lannuaire-statistique-MINEE-09-06-22_NYALEU.pdf,,CM,http://www.wikidata.org/entity/Q1009,31/10/2025,,,,,,,,,
Canada,No,,,158322,,,,,,,,,,,,,,,,,,,,,,,,,,,,,,,,,,,,,,,,,,,,,,,,,,CA,http://www.wikidata.org/entity/Q16,31/10/2025,,,,,,,,,
Central African Republic,Yes,,0,81,,,81,,,,,,,,,,,,,,,,,,,,,,,,,,,,,,,,,,,,,,,,,,,Unknown,,http://enerca-rca.com/p/trans-port#,63kv I believe. Also does not take the other HV line as length is not indicated,CF,http://www.wikidata.org/entity/Q929,31/10/2025,,,,,,,,,
Chad,No,,,,,,,,,,,,,,,,,,,,,,,,,,,,,,,,,,,,,,,,,,,,,,,,,,,,,TD,http://www.wikidata.org/entity/Q657,31/10/2025,,,,,,,,,
Chile,Yes,Yes,26625,39332,,,,,,5161,218,,,,,64,5948,,,,,,1316,,,,21656,,,,,,,,190,,,,,,,4779,,,,,,,,,https://www.coordinador.cl/sistema-electrico/,https://infotecnica.coordinador.cl/instalaciones/secciones-tramos,Lengths were calculated using a pivot table. The total number on websites like 40k+ includes sub-50kv lines.,CL,http://www.wikidata.org/entity/Q298,31/10/2025,,,,,,,,,
China,Yes,Yes,960970,2477000,,,,,,,,,,,,,,,,,,,,,,,,,,,,,,,,,,,,,,,,,,,,,,2024,https://www.sgeg.cn/ueditor/php/upload/file/20250908/1757319873992682.pdf,,This total number is 35kv+. There is also a 230kv+ number which is 960970km,CN,http://www.wikidata.org/entity/Q148,31/10/2025,,,,,,,,,
Colombia,Yes,Yes,18197,30233,,44,,,,221,,,,,,,,11771,,,,,,,,,,,13690,,,,,,,,,,,,,4507,,,,,,,,2025,,https://paratec.xm.com.co/mapa,110kv-115kv grouped and 220kv-230kv grouped together,CO,http://www.wikidata.org/entity/Q739,31/10/2025,,,,,,,,,
Comoros,No,,,,,,,,,,,,,,,,,,,,,,,,,,,,,,,,,,,,,,,,,,,,,,,,,,,,,KM,http://www.wikidata.org/entity/Q970,,,,,,,,,,
Republic of the Congo,No,,,,,,,,,,,,,,,,,,,,,,,,,,,,,,,,,,,,,,,,,,,,,,,,,,,,,CG,http://www.wikidata.org/entity/Q971,31/10/2025,,,,,,,,,
Costa Rica,Yes,,2383,2996,,,,,,,,,,,,,,,,,613,,,,,,,,2383,,,,,,,,,,,,,,,,,,,,,2024,,https://www.grupoice.com/wps/wcm/connect/6b42649b-64a7-4305-9a01-3d36a45255cd/1.+Plan+de+Expansi%C3%B3n+de+la+Transmisi%C3%B3n+%28PET%29+2024-2034_v3.pdf?MOD=AJPERES&CVID=pAKYV9E,,CR,http://www.wikidata.org/entity/Q800,31/10/2025,,,,,,,,,
Croatia,Yes,,2516,7898,,,,,,,,,,,,,5382,,,,,,,,,,1268,,,,,,,,,,,1248,,,,,,,,,,,,2025,,https://www.hops.hr/prijenosna-mreza,,HR,http://www.wikidata.org/entity/Q224,31/10/2025,,,,,,,,,
Cuba,No,,,,,,,,,,,,,,,,,,,,,,,,,,,,,,,,,,,,,,,,,,,,,,,,,,,,,CU,http://www.wikidata.org/entity/Q241,31/10/2025,,,,,,,,,
Cyprus,Yes,,,1286,,,,,,,,,,,,,950,,,,,,,,,,,,,,,,,,,,,,,,,,,,,,,,,2023,https://www.eac.com.cy/EN/EAC/Sustainability/PublishingImages/Pages/SustainabilityReports/EAC%27s%20sustainable%20development%20report_2023.pdf,https://www.entsoe.eu/publications/data/power-stats/2024/inventory_of_transmission_2024.csv,"Total number is from first source, but 132kv number is from ENTSOE. There seems to be 220kv lines but operated at 132kv, so in OpenSTreetMap they would be tagged as 132kv",CY,http://www.wikidata.org/entity/Q229,31/10/2025,,,,,,,,,
Czechia (Czech Republic),Yes,Yes,5875,18607,,,,,,,,,,,,,12732,,,,,,,,,,1687,,,,,,,,,,,4188,,,,,,,,,,,,2025,https://www.ceps.cz/en/transmission-system-data,"Check calculations sheet (TSO, and 3 DSOs for 110kv)",,CZ,http://www.wikidata.org/entity/Q213,31/10/2025,,,,,,,,,
Democratic Republic of the Congo,Yes,,3487,5596,,,,,,,,254,,,,,,,1381,474,,,,,,,1733,,,,,,,,,,,,,,,1754,,,,,,,,2024,,https://are.gouv.cd/wp-content/uploads/2025/03/ARE-RAP-2024-RAPPORT-ANNUEL-2024-VF-2.pdf,"Most has been calculatyed, but a lot of manual work. Also some lines are duplicated in the annex page 111. 50kv lines not added but exist. Check doc",CD,http://www.wikidata.org/entity/Q974,31/10/2025,,,,,,,,,
Denmark,Yes,,,7692,,,,,,,,,,,,,,,,,,,,,,,,,,,,,,,,,,,,,,,,,,,,,,2024,https://en.energinet.dk/infrastructure-projects/,https://www.entsoe.eu/publications/data/power-stats/2024/inventory_of_transmission_2024.csv,"ENSTOE total number. SInce the numbers in ENTSOE are not defined exactly per voltage in their csv, it is uncertain which lengths are associated to which voltage (ex: 400kv and 450kv).",DK,http://www.wikidata.org/entity/Q756617,31/10/2025,,,,,,,,,
Djibouti,No,,,,,,,,,,,,,,,,,,,,,,,,,,,,,,,,,,,,,,,,,,,,,,,,,,,,,DJ,http://www.wikidata.org/entity/Q977,31/10/2025,,,,,,,,,
Dominica,Yes,,,0,,,,,,,,,,,,,,,,,,,,,,,,,,,,,,,,,,,,,,,,,,,,,,,,https://www.geodominica.dm/download/dgdc-brochure-fact-sheet/?tmstv=1689106183,0km for now above 50kv,DM,http://www.wikidata.org/entity/Q784,31/10/2025,,,,,,,,,
Dominican Republic,Yes,Yes,431,5268,,,,,,,1696,,,,,,,,,,3141,,,,,,,,,,,,,,431,,,,,,,,,,,,,,,2023,,https://eted.gob.do/planificacion-de-mediano-y-largo-plazo/#30-64-2023-plan-de-expansion,,DO,http://www.wikidata.org/entity/Q786,31/10/2025,,,,,,,,,
Ecuador,Yes,Yes,4239,6673,,,,,,,,,,,,,,,,,2434,,,,,,,,3626,,,,,,,,,,,,,613,,,,,,,,2023,,https://www.recursosyenergia.gob.ec/plan-maestro-de-electricidad/,,EC,http://www.wikidata.org/entity/Q736,31/10/2025,,,,,,,,,
Egypt,Yes,Yes,31379,55868,,,,,,21930,,,,,,,,,,2559,,,,,,,22691,,,,,,,,,,,,,,,8688,,,,,,,,2024,,https://www.eehc.gov.eg/CMSEehc/Files/AnnualReport2024En.pdf,400kv-500kv grouped,EG,http://www.wikidata.org/entity/Q79,31/10/2025,,,,,,,,,
El Salvador,Yes,Yes,287,1360,,,,,,,,,,,,,,1073,,,,,,,,,,,287,,,,,,,,,,,,,,,,,,,,,2022,,https://sice.oas.org/ctyindex/SLV/WTO/ENGLISH/S440_e.pdf,,SV,http://www.wikidata.org/entity/Q792,31/10/2025,,,,,,,,,
Equatorial Guinea,No,,,,,,,,,,,,,,,,,,,,,,,,,,,,,,,,,,,,,,,,,,,,,,,,,,,,,GQ,http://www.wikidata.org/entity/Q983,31/10/2025,,,,,,,,,
Eritrea,No,,,,,,,,,,,,,,,,,,,,,,,,,,,,,,,,,,,,,,,,,,,,,,,,,,,,,ER,http://www.wikidata.org/entity/Q986,31/10/2025,,,,,,,,,
Estonia,Yes,,1851,5315,,,,,,,,,,,,,3464,,,,,,,,,,,,,,,,,1851,,,,,,,,,,,,,,,,2025,,https://elering.ee/en/electricity-transmission-system,Includes cables for 110kv,EE,http://www.wikidata.org/entity/Q191,31/10/2025,,,,,,,,,
Eswatini,Yes,,147,1491,,,,,,1012,,,,,,,,,,332,,,,,,,,,,,,,,,,,,147,,,,,,,,,,,,2021,,https://www.eec.co.sz/,also in 2021 report,SZ,http://www.wikidata.org/entity/Q1050,31/10/2025,,,,,,,,,
Ethiopia,Yes,,14785,20673,,,,,,,,,,,,,,,,5859,,,,,,,,,8613,,,,,,,,,3269,,,,2903,,,,,,,,2025,https://www.eep.com.et/,https://www.eep.com.et/?page_id=781,,ET,http://www.wikidata.org/entity/Q115,31/10/2025,,,,,,,,,
Fiji,Yes,No (Route),0,147,,,,,,,,,,,,,,,,147,,,,,,,,,,,,,,,,,,,,,,,,,,,,,,2024,,https://efl.com.fj/wp-content/uploads/2025/05/EFL-2024-Annual-Report.pdf,"be careful with figure of beginning in the report, as it takes distribution into account",FJ,http://www.wikidata.org/entity/Q712,31/10/2025,,,,,,,,,
Finland,Yes,,7014,23714,,,,,,,,,,,,,16700,,,,,,,,,,1061,,,,,,,,,,,5953,,,,,,,,,,,,2024,https://www.fingrid.fi/en/company/annual-report/,https://www.entsoe.eu/publications/data/power-stats/2024/inventory_of_transmission_2024.csv ; https://www.fingrid.fi/en/grid/development/electricity-system-of-finland/ ,ENTSOE numbers,FI,http://www.wikidata.org/entity/Q33,31/10/2025,,,,,,,,,
France,Yes,Yes,49763,105575,,,,37730,,,,,,,17263,,,,,,,819,,,,,,27709,,,,,,,,,,22054,,,,,,,,,,,,2024,,https://odre.opendatasoft.com/explore/dataset/longueurs-nationales-annuelles-circuits-rte/table/?sort=annee,,FR,http://www.wikidata.org/entity/Q142,31/10/2025,,,,,,,,,
Gabon,No,,,,,,,,,,,,,,,,,,,,,,,,,,,,,,,,,,,,,,,,,,,,,,,,,2016,,https://www.seeg-gabon.com/activites/gestion-electricite,includes transmisison and dsitribtuion 5123km,GA,http://www.wikidata.org/entity/Q1000,31/10/2025,,,,,,,,,
The Gambia,No,,,,,,,,,,,,,,,,,,,,,,,,,,,,,,,,,,,,,,,,,,,,,,,,,,,,,GM,http://www.wikidata.org/entity/Q1005,31/10/2025,,,,,,,,,
Georgia,Yes,,2967,6517,,,,,,,,,,,,,3550,,,,,,,,,,1944,,,,,,,37,,,,32,,,,954,,,,,,,,2024,,https://www.gse.com.ge/sw/static/file/TYNDP_GE-2024-2034_ENG.pdf,TSO does not oeprate all 110kv so that's why in the TYNDP it's higher than in the GSE annual report,GE,http://www.wikidata.org/entity/Q230,31/10/2025,,,,,,,,,
Germany,Yes,,,133300,,,,,,,,,,,,,,,,,,,,,,,,,,,,,,,,,,,,,,,,,,,,,,2024,,https://data.bundesnetzagentur.de/Bundesnetzagentur/SharedDocs/Mediathek/Monitoringberichte/MonitoringberichtEnergie2024.pdf,Includes Höchstspannung (>125kv) and Hochspannung (>72kv),DE,http://www.wikidata.org/entity/Q183,31/10/2025,,,,,,,,,
Ghana,Yes,Yes,1301,6639,,,,,,,220,,,,,,,,,,,,,4951.08,,,,97.08,,,,,,1203.792,,,,,,,,,,,,,,,,2023;2022,https://gridcogh.com/wp-content/uploads/2025/01/GRIDCo_2023_Annual_Report_Final_5-12-24.pdf,https://gridcogh.com/wp-content/uploads/2022/07/2022-Electricity_Supply_Plan-1.pdf,,GH,http://www.wikidata.org/entity/Q117,31/10/2025,,,,,,,,,
Greece,Yes,,3212,16249,,,,,,113,,,,,,,,,,,,12924,,,,,,,,,,,,,,,,3212,,,,,,,,,,,,2025,,https://www.admie.gr/en/grid/description/asset-management-data ; https://www.entsoe.eu/publications/data/power-stats/2024/inventory_of_transmission_2024.csv,400kv DC and AC together. 150kv is ENTSOE,GR,http://www.wikidata.org/entity/Q41,31/10/2025,,,,,,,,,
Grenada,No,,,,,,,,,,,,,,,,,,,,,,,,,,,,,,,,,,,,,,,,,,,,,,,,,,,,,GD,http://www.wikidata.org/entity/Q769,31/10/2025,,,,,,,,,
Guatemala,Yes,Yes,1721,5135,,,,,,,3016,,,,,,,,,,398,,,,,,,,1650,,,,,,,,,71,,,,,,,,,,,,2024,,https://www.cnee.gob.gt/PlanesExpansion/2024-2054/PET%202024-2054.pdf,,GT,http://www.wikidata.org/entity/Q774,31/10/2025,,,,,,,,,
Guinea,Yes,,691,1178,,,83,,,,,,,,,,404,,,,,,,,,,,691,,,,,,,,,,,,,,,,,,,,,,2024,,https://edg.com.gn/sdm_categories/rapport-annuel/,,GN,http://www.wikidata.org/entity/Q1006,31/10/2025,,,,,,,,,
Guinea-Bissau,No,,,0,,,,,,,,,,,,,,,,,,,,,,,,,,,,,,,,,,,,,,,,,,,,,,,,,,GW,http://www.wikidata.org/entity/Q1007,31/10/2025,,,,,,,,,
Guyana,Yes,,0,276,,,,,,,276,,,,,,,,,,,,,,,,,,,,,,,,,,,,,,,,,,,,,,,2024,,https://gplinc.com/pl/plc/media/DE-Programme_2024-2028-26.02.2024-per-PUC-Clarifications.pdf,,GY,http://www.wikidata.org/entity/Q734,31/10/2025,,,,,,,,,
Haiti,No,,,0,,,,,,,,,,,,,,,,,,,,,,,,,,,,,,,,,,,,,,,,,,,,,,,,,,HT,http://www.wikidata.org/entity/Q790,31/10/2025,,,,,,,,,
Honduras,Yes,,1280,3024,,,,,,,694,,,,,,,,,,1050,,,,,,,,1280,,,,,,,,,,,,,,,,,,,,,2024,,https://www.cree.gob.hn/planes-de-expansion-del-sistema-electrico-nacional/,,HN,http://www.wikidata.org/entity/Q783,31/10/2025,,,,,,,,,
Hungary,Yes,Yes,4681,9001,,,,,,,,,,,,,,,,216,,,,,,,1394,,,,,,,,,,,3021,,,,,,,,266,,,,2021,,https://www.mavir.hu/documents/10262/245542822/MEKH_MAVIR_statisztikai_kiadvany_villamos_energia_20221130_V%C3%89GLEGES.pdf/abde3d22-3d45-5885-e6f4-7fbdaf3aaef7?t=1669801195165 ; https://www.eon.hu/content/dam/eon/eon-hungary/documents/rolunk/rolunk_uj/fenntarthat%C3%B3s%C3%A1g/Fenntarthatosaagi-jelentes-2024.pdf,Doc also includes route length. 132kv mostly run by DSOs. Eon publishes a number for 35kv+ which has been added to the total (4104km),HU,http://www.wikidata.org/entity/Q28,31/10/2025,,,,,,,,,
Iceland,Yes,,1112,3660,,,,,,1285,,,,,,,,,,1494,,,,,,,1112,,,,,,,,,,,,,,,,,,,,,,,2024,https://www.landsnet.is/english/finance-and-ir/key-figures/,https://www.landsnet.is/flutningskerfid/raforkumannvirkin/#tab-0b6b5289-8ad6-4ff4-9b02-e6388c00de57,"Total is 2024, but per voltage is 2022",IS,http://www.wikidata.org/entity/Q189,31/10/2025,,,,,,,,,
India,Yes,Yes,496785,810047,,,,,,76669,,,,,,,,,,236593,,,,,,,212797,,,,,,288,,,,,207358,,,,9432,,,,,57255,9655,,2023/2025,https://cea.nic.in/wp-content/uploads/general/2024/General_Review_2024_2.pdf,https://cea.nic.in/wp-content/uploads/transmission/2025/09/TL_GS_September__2025.pdf,"220kv+ is more updated than the 220kv- numbers. 500kv and 320kv is HVDC. No disticntion between 230kv/220kv, so number goes to voltage (220kv). Same with 132kv/11kv/90kv, number goes to biggest. Same with 78kv/66kv",IN,http://www.wikidata.org/entity/Q668,31/10/2025,,,,,,,,,
Indonesia,Yes,Yes,12358,72553,,,,,,,,6152,,,,,,,,,,54043,,,,,,,,,4640,,,,,,,,,,,7718,,,,,,,,2024,,https://web.pln.co.id/statics/uploads/2025/09/Statistik-PLN-2024-Ind-Eng.pdf,,ID,http://www.wikidata.org/entity/Q252,4/11/2025,,,,,,,,,
Iran,Yes,Yes,134535,,,,,,,,,,,,,,,,,,,,,,,,,,,,,,,,,,,,,,,,,,,,,,,2025,,https://www.irna.ir/news/85731029/%DB%B9%DB%B9%DB%B7-%DA%A9%DB%8C%D9%84%D9%88%D9%85%D8%AA%D8%B1-%D8%A8%D9%87-%D8%B7%D9%88%D9%84-%D8%AE%D8%B7%D9%88%D8%B7-%D8%A7%D9%86%D8%AA%D9%82%D8%A7%D9%84-%D9%88-%D9%81%D9%88%D9%82-%D8%AA%D9%88%D8%B2%DB%8C%D8%B9-%D8%A8%D8%B1%D9%82-%DA%A9%D8%B4%D9%88%D8%B1-%D8%A7%D9%81%D8%B2%D9%88%D8%AF%D9%87-%D8%B4%D8%AF,,IR,http://www.wikidata.org/entity/Q794,,,,,,,,,,
Iraq,Yes,Yes,6461,24456,,,,,,,,,,,,,,,,17995,,,,,,,,,,,,,,,,,,6461,,,,,,,,,,,,2024,,https://storage.moelc.gov.iq/2025/09/11/2025_09_11_12303039504_4195463374479148.pdf,,IQ,http://www.wikidata.org/entity/Q796,4/11/2025,,,,,,,,,
Ireland ,Yes,Yes,2409,7682,,,,,,,,,,,,,5273,,,,,,,,,,1970,,,,,,,,,,,439,,,,,,,,,,,,2024,,https://cms.eirgrid.ie/sites/default/files/publications/All-Island-Ten-Year-Transmission-Forecast-Statement-2024_1.pdf,"Also has NI data in document, but not added here but in UK row",IE,http://www.wikidata.org/entity/Q27,4/11/2025,,,,,,,,,
Israel,No,,,,,,,,,,,,,,,,,,,,,,,,,,,,,,,,,,,,,,,,,,,,,,,,,,,,,IL,http://www.wikidata.org/entity/Q801,,,,,,,,,,
"
Ivory Coast",Yes,,,,,,,,,,,,,,,,,,,,,,,,,,,,,,,,,,,,,,,,,,,,,,,,,2024,,https://www.dev.economie-ivoirienne.ci/activites-sectorielles/electricite.html,,,,,,,,,,,,,
Italy,Yes,Yes,24999,75251,,,,,,,,,,,,,,,,,,,,,,,11898,,,,,,,,,,13101,,,,,,,,,,,,,2025,,https://download.terna.it/terna/Terna_Half_Year_Report_June_30_2025_8ddcf80b2b1a2ca.pdf ; https://www.arera.it/fileadmin/allegati/operatori/pds/25/Stato_del_sistema_elettrico_e_scenari_energetici.pdf,"CKM numbers for less than 150kv. However, more details aren't given so 50252 was added to total. Also, this might only be Terna (TSO) as some DSO's might operate ""Alta Tensione"" (HV) lines (but not 220kv+)",IT,http://www.wikidata.org/entity/Q38,4/11/2025,,,,,,,,,
Jamaica,Yes,,,1193,,,,,,,811,,,,,,,,,,382,,,,,,,,,,,,,,,,,,,,,,,,,,,,,2023,,https://www.mset.gov.jm/wp-content/uploads/2024/11/2022-Jamaica-Integrated-Resource-Plan.pdf,,JM,http://www.wikidata.org/entity/Q766,31/10/2025,,,,,,,,,
Japan,Yes,Yes,37302,180060,,,,,,,,,,,,,,,,,,,,,,5401,4997,,,,16254,,,,,,,,,,,16051,,,,,,,,2023,,https://pdb.fepc.or.jp/pdb/%E4%B8%80%E8%88%AC_%E6%A4%9C%E7%B4%A2_%E9%80%81%E9%9B%BB%E8%A8%AD%E5%82%99_%E8%8B%B1%E8%AA%9E ; https://www.jepic.or.jp/pub/pdf/epijJepic2025.pdf; https://www.fepc.or.jp/english/data/statistics/,"Two things. First ""less than 55kv"" but still transmission numer was added to the total: 25160 ; then ranges were given for some voltage levels so they were added to the edge cases columns, but still feature in the total",JP,http://www.wikidata.org/entity/Q17,4/11/2025,,82210,,29987,,,,,
Jordan,Yes,Yes,1916,5872,,,,,,,,,,,,,,,,3956,,,,,,,,,,,,,,,,,,1916,,,,,,,,,,,,2024,,https://nepco.com.jo/store/DOCS/web/2024_EN.pdf,,JO,http://www.wikidata.org/entity/Q810,25/11/2025,,,,,,,,,
Kazakhstan,Yes,Yes,45896,51939,,,,,,,,,,,,,1404,,,,,,,,,,34331,,,,,,,1863,,,,,,,,8281,,,,,,,1421,2025,,https://www.kegoc.kz/en/about/,"Missing a lot due to DSOs. But numbers have been found for Karagandy (2018), and Ontustik Zharyk transit (see calcualtions sheet). For Ontustik, the numbers were added to the range column. Coud not find numbers for MEDNC (but distribution numbers can be found here: https://kus.kz/en/svyazi-s-investorami/godovye-otchety/)",KZ,http://www.wikidata.org/entity/Q232,25/11/2025,,,4639,,,,,,
Kenya,Yes,Yes,6057,10797,,,,,,1313,,,,,,,,,,3427,,,,,,,2152,,,,,,,,,,,2623,,,,1282,,,,,,,,2025,,https://energy.go.ke/sites/default/files/Kenya%20National%20Energy%20Compact%2022AUG2025%20(1).pdf,,KE,http://www.wikidata.org/entity/Q114,31/10/2025,,,,,,,,,
Kiribati,No,,,0,,,,,,,,,,,,,,,,,,,,,,,,,,,,,,,,,,,,,,,,,,,,,,,,,,KI,http://www.wikidata.org/entity/Q710,25/11/2025,,,,,,,,,
Kuwait,Yes,,3199,15218,,,,,,,,,,,,,,,,12019,,,,,,,,,,,,1873,,,,,,1326,,,,,,,,,,,,2023,,https://www.mew.gov.kw/media/3zvjuf0s/electrical-annual-report-2023.pdf,OHL are a small fraction. it is surprising to see 10050km of 132kv cables reported.,KW,http://www.wikidata.org/entity/Q817,25/11/2025,,,,,,,,,
Kyrgyzstan,Yes,,3016,7618,,,,,,,,,,,,,4602,,,,,,,,,,2069,,,,,,,,,,,,,,,947,,,,,,,,2019,,https://minenergo.gov.kg/media/uploads/2022/12/07/mp-kr-finalreport-rev5_v2_en_website_hQEeGIO.pdf,,KG,http://www.wikidata.org/entity/Q813,25/11/2025,,,,,,,,,
Laos,Yes,Yes,2930,10203,,,,,,,,,,,,,,7273,,,,,,,,,,,2930,,,,,,,,,,,,,,,,,,,,,2024,,https://edl.com.la/statistic,,LA,http://www.wikidata.org/entity/Q819,31/10/2025,,,,,,,,,
Latvia,Yes,,1742,5555,,,,,,,,,,,,,3813,,,,,,,,,,,,,,,,,1742,,,,,,,,,,,,,,,,2025,,https://ast.lv/en/transmission-network-info/transmission-network-and-substations,,LV,http://www.wikidata.org/entity/Q211,25/11/2025,,,,,,,,,
Lebanon,Yes,,769,1815,,,,,,856,,,,,,,,,,,,190,,,,,748,,,,,,,,,,,21,,,,,,,,,,,,2023,,https://openjicareport.jica.go.jp/pdf/1000051515_01.pdf,,LB,http://www.wikidata.org/entity/Q822,25/11/2025,,,,,,,,,
Lesotho,No,,,,,,,,,,,,,,,,,,,,,,,,,,,,,,,,,,,,,,,,,,,,,,,,,,,,,LS,http://www.wikidata.org/entity/Q1013,25/11/2025,,,,,,,,,
Liberia,Yes,,537,813,,,,,,276,,,,,,,,,,,,,,,,,,537,,,,,,,,,,,,,,,,,,,,,,2024,,https://lerc.gov.lr/pg_img/LERC_Annual_Report_2024_Final.pdf,,LR,http://www.wikidata.org/entity/Q1014,31/10/2025,,,,,,,,,
Libya,Yes,,15996,30307,,,,,,14311,,,,,,,,,,,,,,,,,13706,,,,,,,,,,,2290,,,,,,,,,,,,,,,,LY,http://www.wikidata.org/entity/Q1016,25/11/2025,,,,,,,,,
Liechtenstein,No,,,,,,,,,,,,,,,,,,,,,,,,,,,,,,,,,,,,,,,,,,,,,,,,,,,,,LI,http://www.wikidata.org/entity/Q347,25/11/2025,,,,,,,,,
Lithuania,Yes,,2210,7300,,,,,,,,,,,,,5090,,,,,,,,,,,,,,,211,,1896,,,,103,,,,,,,,,,,,2023,,https://www.litgrid.eu/uploads/files/dir747/dir37/dir1/13_0.php,,LT,http://www.wikidata.org/entity/Q37,25/11/2025,,,,,,,,,
Luxembourg,Yes,Yes,310,983,,,,,673,,,,,,,,,,,,,,,,,,310,,,,,,,,,,,,,,,,,,,,,,,2024,,https://www.creos-net.lu/fileadmin/dokumente/downloads/ANNUAL_REPORT2024-WEB_DEF.pdf?t=1762433335491,some 65kv might be 110kv in the future,LU,http://www.wikidata.org/entity/Q32,25/11/2025,,,,,,,,,
Madagascar,No,,,,,,,,,,,,,,,,,,,,,,,,,,,,,,,,,,,,,,,,,,,,,,,,,,,,,MG,http://www.wikidata.org/entity/Q1019,25/11/2025,,,,,,,,,
Malawi,No,,,,,,,,,,,,,,,,,,,,,,,,,,,,,,,,,,,,,,,,,,,,,,,,,,,,,MW,http://www.wikidata.org/entity/Q1020,25/11/2025,,,,,,,,,
Malaysia,Yes,Yes,18106,35429,,,,,,103,,,,,,,,,,16359,,,,,,,,,,,15061,,,,,,,,,,,3045,,,,,,,,2024/2023/2022,https://www.tnb.com.my/assets/annual_report/TNB_IAR_2024.pdf,https://www.st.gov.my/contents/files/download/99/Malaysia_Energy_Statistics_Handbook_2023.pdf ; https://www.sarawakenergy.com/assets/pdf/INTERACTIVE-PDF-Sarawak-Energy-ASR2023.pdf,"Check calculations page. A few caveats such as 500kv energised at 275kv, and total being different to sum of voltage lengths.",MY,http://www.wikidata.org/entity/Q833,25/11/2025,,,,,,,,,
Maldives,No,,,0,,,,,,,,,,,,,,,,,,,,,,,,,,,,,,,,,,,,,,,,,,,,,,,,,,MV,http://www.wikidata.org/entity/Q826,25/11/2025,,,,,,,,,
Mali,Yes,,390,994,,,,,,226,,,,,,,,,,,,378,,,,,,390,,,,,,,,,,,,,,,,,,,,,,2024,,https://www.edmsa.ml/sites/default/files/Document/2024-01/2Annexes%202022_compressed.pdf,,ML,http://www.wikidata.org/entity/Q912,31/10/2025,,,,,,,,,
Malta,Yes,,2,93,,,,,,,,,,,,,,,,91,,,,,,,2,,,,,,,,,,,,,,,,,,,,,,,2017,,https://www.enemalta.com.mt/2017/11/16/our-network/ ; https://sostenibilita.gov.mt/wp-content/uploads/2023/10/National-Energy-and-Climate-Plan-2021-2030.pdf,"For 220kv, the 2km on the Maltese land was attributed. However the interconnector with Italy is much longer than 2km, but for now the section in waters was not attributed to Malta. However this can change if more accurate",MT,http://www.wikidata.org/entity/Q233,25/11/2025,,,,,,,,,
Marshall Islands,No,,,,,,,,,,,,,,,,,,,,,,,,,,,,,,,,,,,,,,,,,,,,,,,,,,,,,MH,http://www.wikidata.org/entity/Q709,25/11/2025,,,,,,,,,
Mauritania,No,,,,,,,,,,,,,,,,,,,,,,,,,,,,,,,,,,,,,,,,,,,,,,,,,,,,,MR,http://www.wikidata.org/entity/Q1025,25/11/2025,,,,,,,,,
Mauritius,Yes,,,479,,,,,,479,,,,,,,,,,,,,,,,,,,,,,,,,,,,,,,,,,,,,,,,2024,,https://ceb.mu/fact-sheets/grid-infrastructure,,MU,http://www.wikidata.org/entity/Q1027,25/11/2025,,,,,,,,,
Mexico,Yes,,55878,110846,,,,,,,2335,,,1757,,,,48725,,,1620,,,531,,,,,29743,,,,,,,,,26135,,,,,,,,,,,,2023,,https://www.gob.mx/sener/documentos/informe-pormenorizado-sobre-el-desempeno-y-las-tendencias-de-la-industria-electrica-nacional,,MX,http://www.wikidata.org/entity/Q96,31/10/2025,,,,,,,,,
Federated States of Micronesia,No,,0,,,,,,,,,,,,,,,,,,,,,,,,,,,,,,,,,,,,,,,,,,,,,,,,,,,FM,http://www.wikidata.org/entity/Q702,25/11/2025,,,,,,,,,
Moldova,Yes,,580,3398,,,,,,,,,,,,,2818,,,,,,,,,,,,,,,,,377,,,,203,,,,,,,,,,,,2025,,https://www.moldelectrica.md/ro/network/annual_report,Most likely not complete for 110kv as I believe Premier Energy (DSO) operates some but I could not find the numbers.,MD,http://www.wikidata.org/entity/Q217,25/11/2025,,,,,,,,,
Monaco,No,,0,,,,,,,,,,,,,,,,,,,,,,,,,,,,,,,,,,,,,,,,,,,,,,,,,,,MC,http://www.wikidata.org/entity/Q235,25/11/2025,,,,,,,,,
Mongolia,Yes,,2294,8058,,,,,,,,,,,,,5764,,,,,,,,,,2294,,,,,,,,,,,,,,,,,,,,,,,2024,,https://online.fliphtml5.com/seigx/oiks/#p=98; https://www.transco.mn/files/1759167241%D0%A6%D0%94%D2%AE%D0%A1%20%D0%A2%D0%90%D0%99%D0%9B%D0%90%D0%9D-2024.pdf,"110kv source includes all TSO's. The 220kv number can also be found in the same report, but the TSO's own report is more recent and thus that number was used.",MN,http://www.wikidata.org/entity/Q711,25/11/2025,,,,,,,,,
Montenegro,Yes,,778,1512,,,,,,,,,,,,,734,,,,,,,,,,375,,,,,,,,,,,403,,,,,,,,,,,,2022,,https://cges.me/en/about/electrical-transmission-system/cges-facilities,Potentially some 110kv are operated at 35kv in the past,ME,http://www.wikidata.org/entity/Q236,25/11/2025,,,,,,,,,
Morocco,Yes,,15423,29105,,,13535,,,,,,,,,,,,,,,147,,,,,,11259,,,,,,,,,,4164,,,,,,,,,,,,2023,,https://www.one.ma/fr/pdf/Rapport%20d%27Activit%C3%A9s%202023%20VF.pdf,,MA,http://www.wikidata.org/entity/Q1028,31/10/2025,,,,,,,,,
Mozambique,Yes,,2415,6478,,,,,,658,,,,,,,3394,,,11,,,,,,,1925,,,,257,,,,,,,233,,,,,,,,,,,,2023,,https://www.edm.flexibihost.com/en/document/reports/relat%C3%B3rio-anual-de-estat%C3%ADsticaannual-estatistical-report,,MZ,http://www.wikidata.org/entity/Q1029,25/11/2025,,,,,,,,,
Myanmar,Yes,Yes,4236,9453,,,,,,3762,,,,,,,,,,1455,,,,,,,,,4236,,,,,,,,,,,,,,,,,,,,,2018,,https://moep.gov.mm/en/ignite/page/176,"Very outdated numbers. For each division/region on the MOEP page, the length was aggregated, then converted into km. ",MM,http://www.wikidata.org/entity/Q836,25/11/2025,,,,,,,,,
Namibia,Yes,,6148,12043,,,,,,3587,,,,,,,,,,2308,,,,,,,3207,,,,,,,522,,953,,1466,,,,,,,,,,,,2024,,"https://www.nampower.com.na/public/docs/annual-reports/NamPower_Integrated_Annual_Report_2024.pdf#:~:text=%E2%80%A2%2012%2C043%20kilometres%20of%20transmission,5%20MW",,NA,http://www.wikidata.org/entity/Q1030,25/11/2025,,,,,,,,,
Nauru,No,,0,0,,,,,,,,,,,,,,,,,,,,,,,,,,,,,,,,,,,,,,,,,,,,,,,,,,NR,http://www.wikidata.org/entity/Q697,25/11/2025,,,,,,,,,
Nepal,Yes,Yes,1857,6507,,,,,,514,,,,,,,,,,4136,,,,,,,1213,,,,,,,,,,,644,,,,,,,,,,,,2024,,https://www.nea.org.np/annual_report,,NP,http://www.wikidata.org/entity/Q837,25/11/2025,,,,,,,,,
Netherlands,Yes,,,10233,,,,,,,,,,,,,,,,,,,,,,,,,,,,,,,,,,,,,,,,,,,,,,2025,,https://tennet-drupal.s3.eu-central-1.amazonaws.com/default/2025-04/2025%20March_Factsheet%20TenneT%20NL_ENG.pdf,The ranges only include onshore transmission. Offshore transmission numbers can also be found in the same source,NL,http://www.wikidata.org/entity/Q29999,25/11/2025,,,,,3061,7172,,,
New Zealand,Yes,Yes,6651,11078,,,,,,331,,,,,,,4096,,,,,,,,,,5872,,,,,,,,,590,,189,,,,,,,,,,,,2025,,https://data-transpower.opendata.arcgis.com/datasets/transmission-lines/explore,I downloaded the arcgis lines and calculated per voltage,NZ,http://www.wikidata.org/entity/Q664,25/11/2025,,,,,,,,,
Nicaragua,Yes,,,3745,,,,,,,,,,,,,,,,,,,,,,,,,,,,,,,,,,,,,,,,,,,,,,2024,,https://energiayminas.mem.gob.ni/,,NI,http://www.wikidata.org/entity/Q811,31/10/2025,,,,,,,,,
Niger,Yes,,,1334,,,,,,452,,,,,,,,,,882,,,,,,,,,,,,,,,,,,,,,,,,,,,,,,Unknown,,https://nigelec.ne/web/transport,,NE,http://www.wikidata.org/entity/Q1032,25/11/2025,,,,,,,,,
Nigeria,Yes,Yes,9308,17866,,,,,,,,,,,,,,,,8558,,,,,,,,,,,,,,9308,,,,,,,,,,,,,,,,2025,,https://power.gov.ng/download/national-integrated-electricity-policy/,,NG,http://www.wikidata.org/entity/Q1033,31/10/2025,,,,,,,,,
North Korea,No,,,0,,,,,,,,,,,,,,,,,,,,,,,,,,,,,,,,,,,,,,,,,,,,,,,,,,KP,http://www.wikidata.org/entity/Q423,25/11/2025,,,,,,,,,
North Macedonia,Yes,,577,2234,,,,,,,,,,,,,1657,,,,,,,,,,,,,,,,,,,,,577,,,,,,,,,,,,2024,,https://www.erc.org.mk/odluki/2025.04.29%20-%20RKE%20GI%202024-final.en-US.pdf,"NM has an interconnector at 220kv, which wasn't included for now as the length wasn't found",MK,http://www.wikidata.org/entity/Q221,25/11/2025,,,,,,,,,
Norway,Yes,,8970,11124,,,,,,,,,,,,,,,,2154,,,,,,,,,,,,4107,,,,,,,4863,,,,,,,,,,,2023,,https://www.statnett.no/globalassets/om-statnett/investorrelasjoner/arsrapporter/annual-and-sustainability-report-2023.pdf,Does not include full 132kv as some DSO's operate at this voltage too. Only includes TSO operated assets for 132kv,NO,http://www.wikidata.org/entity/Q20,25/11/2025,,,,,,,,,
Oman,Yes,Yes,4822,9039,,,,,,,,,,,,,,,,4217,,,,,,,1903,,,,,,,,,,,2919,,,,,,,,,,,,2024,,https://www.omangrid.com/en/Report/OETC%205%20Year%20Annual%20Transmission%20Capability%20Statement%202025-2029.pdf,"For 132kv length, 2023 and 2024 numbers differ but it does down in 2024. 4026km vs 4626km for OHL",OM,http://www.wikidata.org/entity/Q842,25/11/2025,,,,,,,,,
Pakistan,Yes,Yes,23545,61141,,,,,,4137,,,,,,,,,,33459,,,,,,,12572,,,,,,,,,,,,,,,9201,,,1772,,,,,,,,,PK,http://www.wikidata.org/entity/Q843,25/11/2025,,,,,,,,,
Palau,No,,0,0,,,,,,,,,,,,,,,,,,,,,,,,,,,,,,,,,,,,,,,,,,,,,,,,,,PW,http://www.wikidata.org/entity/Q695,25/11/2025,,,,,,,,,
Palestine ,No,,0,0,,,,,,,,,,,,,,,,,,,,,,,,,,,,,,,,,,,,,,,,,,,,,,,,,,PS,http://www.wikidata.org/entity/Q219060,25/11/2025,,,,,,,,,
Panama,Yes,,2839,3149,,,,,,,,,,,,,,310,,,,,,,,,,,2839,,,,,,,,,,,,,,,,,,,,,2024,,https://www.etesa.com.pa/documentos/formulario_int_q2_2024_etesa_final.pdf,,PA,http://www.wikidata.org/entity/Q804,31/10/2025,,,,,,,,,
Papua New Guinea,No,,,0,,,,,,,,,,,,,,,,,,,,,,,,,,,,,,,,,,,,,,,,,,,,,,,,,,PG,http://www.wikidata.org/entity/Q691,25/11/2025,,,,,,,,,
Paraguay,Yes,,5696,7127,,,,,,1431,,,,,,,,,,,,,,,,,4861,,,,,,,,,,,,,,,835,,,,,,,,2024,,https://www.ande.gov.py/documentos/plan_maestro/RP49741%20ANEXO%20II%20Plan%20Maestro%20de%20Transmision%202024-2033.pdf,,PY,http://www.wikidata.org/entity/Q733,31/10/2025,,,,,,,,,
Peru,Yes,,16779,28711,636,,5162,,,1157,,,,,,,,,,,4977,,,,,,13484,,,,,,,,,,,,,,,3295,,,,,,,,2024,,https://www.coes.org.pe/Portal/publicaciones/estadisticas/estadistica?anio=2024,,PE,http://www.wikidata.org/entity/Q419,31/10/2025,,,,,,,,,
Philippines,Yes,Yes,,23110,,,,,,,,,,,,,,,,,,,,,,,,,,,,,,,,,,,,,,,,,,,,,,2024,,https://www.ngcp.ph/Attachment-Uploads/operations/TRANSMISSION-AND-SUB-TRANSMISSION-ASSETS.pdf,Could not find for voltages,PH,http://www.wikidata.org/entity/Q928,25/11/2025,,,,,,,,,
Poland,Yes,,17298,39896,,,,,,,,,,,,,22598,,,,,,,,,,7755,,,,,,,,,,,9416,,,127,,,,,,,,,2024,,https://www.pse.pl/web/pse-eng/areas-of-activity/polish-power-system/system-in-general ; https://www.entsoe.eu/publications/data/power-stats/2024/inventory_of_transmission_2024.csv ; https://secure.sitebees.com/file/mediakit/2598102/ba/plan_rozwoju_eop_2023_2028_publikacja.pdf ; https://www.operator.enea.pl/o-spolce/raporty ; https://www.tauron-dystrybucja.pl/o-spolce/operator-systemu-dystrybucyjnego,"DSO's operate 110kv. I could not find numbers for PGE, but have Tauron, Enea, Energa. So 110v is incomplete. For 220kv the number is ENTSOE",PL,http://www.wikidata.org/entity/Q36,25/11/2025,,,,,,,,,
Portugal,Yes,Yes,7128,9661,,,,,,,,,,,,,,,,,,2533,,,,,3886,,,,,,,,,,,3242,,,,,,,,,,,,2024,,https://www.entsoe.eu/publications/data/power-stats/2024/inventory_of_transmission_2024.csv ; https://www.ren.pt/en-gb/activity/electricity,,PT,http://www.wikidata.org/entity/Q45,31/10/2025,,,,,,,,,
Qatar,Yes,"OHL is ckm, cables are rkm",2204,5761,,,,,,1640,,,,,,,,,,1917,,,,,,,1403,,,,,,,,,,,801,,,,,,,,,,,,2023,,https://www.km.qa/MediaCenter/Publications/SR2023-English.pdf,OHL and cables added together even though ckm and rkm. The first digit in the sum of each cell is OHL.,QA,http://www.wikidata.org/entity/Q846,25/11/2025,,,,,,,,,
Romania,Yes,Yes,12179,52597,,,,,,,,,,,,,40418,,,,,,,,,,3929,,,,,,,,,,,8250,,,,,,,,,,,,2023,,https://anre.ro/wp-content/uploads/2024/11/Raport-anual-ANRE-pentru-anul-2023.pdf,400kv includes the 750kv lines operated at 400kv. (3108km of 750kv),RO,http://www.wikidata.org/entity/Q218,25/11/2025,,,,,,,,,
Russia,Yes,,,509665,,,,,,,,,,,,,,,,,,,,,,,,,,,,,,,,,,,,,,,,,,,,,,2025,,see calculations sheet: https://www.so-ups.ru/functioning/ups/ups2025/,Missing Middle Volga region!,RU,http://www.wikidata.org/entity/Q159,25/11/2025,,,,,,,,,
Rwanda,Yes,Yes,511,1158,,,,,,,,,,,,,647,,,,,,,,,,511,,,,,,,,,,,,,,,,,,,,,,,2024,,https://www.reg.rw/fileadmin/user_upload/Updated_Rwanda_Electricity_Transmission_Development_Plan_-_June_2023.pdf,Report is 2023 but no builds in 2024 ,RW,http://www.wikidata.org/entity/Q1037,25/11/2025,,,,,,,,,
Saint Kitts and Nevis,No,,,,,,,,,,,,,,,,,,,,,,,,,,,,,,,,,,,,,,,,,,,,,,,,,,,,,KN,http://www.wikidata.org/entity/Q763,25/11/2025,,,,,,,,,
Saint Lucia,No,,,,,,,,,,,,,,,,,,,,,,,,,,,,,,,,,,,,,,,,,,,,,,,,,,,,,LC,http://www.wikidata.org/entity/Q760,25/11/2025,,,,,,,,,
Saint Vincent and the Grenadines,No,,,,,,,,,,,,,,,,,,,,,,,,,,,,,,,,,,,,,,,,,,,,,,,,,,,,,VC,http://www.wikidata.org/entity/Q757,25/11/2025,,,,,,,,,
Samoa,No,,,,,,,,,,,,,,,,,,,,,,,,,,,,,,,,,,,,,,,,,,,,,,,,,,,,,WS,http://www.wikidata.org/entity/Q683,25/11/2025,,,,,,,,,
San Marino,No,,,,,,,,,,,,,,,,,,,,,,,,,,,,,,,,,,,,,,,,,,,,,,,,,,,,,SM,http://www.wikidata.org/entity/Q238,25/11/2025,,,,,,,,,
São Tomé and Príncipe,No,,,,,,,,,,,,,,,,,,,,,,,,,,,,,,,,,,,,,,,,,,,,,,,,,,,,,ST,http://www.wikidata.org/entity/Q1039,25/11/2025,,,,,,,,,
Saudi Arabia,Yes,Yes,,99793,,,,,,,,,,,,,,,,,,,,,,,,,,,,,,,,,,,,,,,,,,,,,,2024,,https://www.se.com.sa/en/Whoweare/National-Grid-SA/Introduction,,SA,http://www.wikidata.org/entity/Q851,25/11/2025,,,,,,,,,
Senegal,Yes,,0,972,,,,,,,,,,,,,,,,,,,,,,,,,,,,,,,,,,,,,,,,,,,,,,2021,,https://energie.gouv.sn/transport_distribution/,,SN,http://www.wikidata.org/entity/Q1041,31/10/2025,,,,,,,,,
Serbia,Yes,Yes,4418,12329,,,,,,,,,,,,,7911,,,,,,,,,,2176,,,,,,,,,,,2242,,,,,,,,,,,,2024,,https://ems.rs/wp-content/uploads/2025/01/Godisnji-plan-poslovanja-EMS-AD-2025.pdf,,RS,http://www.wikidata.org/entity/Q403,25/11/2025,,,,,,,,,
Seychelles,No,,,,,,,,,,,,,,,,,,,,,,,,,,,,,,,,,,,,,,,,,,,,,,,,,,,,,SC,http://www.wikidata.org/entity/Q1042,25/11/2025,,,,,,,,,
Sierra Leone,No,,,,,,,,,,,,,,,,,,,,,,,,,,,,,,,,,,,,,,,,,,,,,,,,,,,,,SL,http://www.wikidata.org/entity/Q1044,31/10/2025,,,,,,,,,
Singapore,No,,,,,,,,,,,,,,,,,,,,,,,,,,,,,,,,,,,,,,,,,,,,,,,,,2024,,https://www.spgroup.com.sg/dam/spgroup/pdf/about-us/investor-relations/overview/SP-Group-Treasury-Pte.-Ltd.---Offering-Circular.pdf,could not find more info. The total numebr is cable circuits for transmisison and distribution 22700km but this is both,SG,http://www.wikidata.org/entity/Q334,25/11/2025,,,,,,,,,
Slovakia,Yes,Yes,3047,10651,,,,,,,,,,,,,7604,,,,,,,,,,690,,,,,,,,,,,2357,,,,,,,,,,,,2024,,https://www.sepsas.sk/en/for-partners/technical-data/basic-data-of-the-transmission-system/,110kv number calculated from DSOs and TSO,SK,http://www.wikidata.org/entity/Q214,25/11/2025,,,,,,,,,
Slovenia,Yes,,1156,4079,,,,,,,,,,,,,2923,,,,,,,,,,328,,,,,,,,,,,828,,,,,,,,,,,,2024,,https://www.eles.si/Portals/0/ELES-Letno%20Porocilo%202024.pdf ; https://www.eles.si/Portals/0/ELES_RNDS_okt-2025_digital_spread_1.pdf,The distribution report also states some 110kv line length. So I added the 2024 annual report 110kv transmission number with the 2023 distribution report 110kv length.,SI,http://www.wikidata.org/entity/Q215,25/11/2025,,,,,,,,,
Solomon Islands,No,,,,,,,,,,,,,,,,,,,,,,,,,,,,,,,,,,,,,,,,,,,,,,,,,,,,,SB,http://www.wikidata.org/entity/Q685,25/11/2025,,,,,,,,,
Somalia,Yes,,,0,,,,,,,,,,,,,,,,,,,,,,,,,,,,,,,,,,,,,,,,,,,,,,,, ,Does not yet have 50kv+,SO,http://www.wikidata.org/entity/Q1045,31/10/2025,,,,,,,,,
South Africa,Yes,Route,32599,83912,,,,,,,,,,,,,,,,28654,,,,,,,1352,,,,7395,,,,,,,20036,,,,,1032,,,,2784,,,2025,,https://www.eskom.co.za/wp-content/uploads/2025/10/Eskom-integrated-report-2025.pdf,"Most likely route km as they use ""distances from the Geographic Information System"". ",ZA,http://www.wikidata.org/entity/Q258,25/11/2025,22659,,,,,,,,
South Korea,Yes,Yes,11355,35858,,,,,,84,,,,,,,,,,,,,24187,,232,,,,,226,,,,,10070,,,,,,,35,,,,,1024,,,2024,,https://www.kepco.co.kr/home/customer/library/electricity-statistics/kepco-stats/boardView.do,CSV files sheet 11 has length in ckm and route,KR,http://www.wikidata.org/entity/Q884,25/11/2025,,,,,,,,,
South Sudan,No,,,,,,,,,,,,,,,,,,,,,,,,,,,,,,,,,,,,,,,,,,,,,,,,,,,,,SS,http://www.wikidata.org/entity/Q958,25/11/2025,,,,,,,,,
Spain,Yes,Yes,42705,68460,,,,,,,,,,,,,,,,3099,,,,,,,20416,,,,,,,,,,,22289,,,,,,,,,,,,2025,,https://www.ree.es/es/datos/transporte ; https://storage.googleapis.com/psnes-prd-static-resources/viesgo/docs/2024%20EDP%20Redes%20Espa%C3%B1a%20Memoria%20de%20Sostenibilidad.pdf ; https://www.endesa.com/es/nuestro-compromiso/transicion-energetica/red-electrica,"Red electrica gives numbers for 220kv+ and some 132kv. However most of the 132kv and 66kv is operated by the main DSOs. I have found numbers for Endesa (30kv+) and Enel Viesgo (50kv-132kv), however a large amount is missing due to Iberdrola and Union Fenosa. ",ES,http://www.wikidata.org/entity/Q29,31/10/2025,,,22656,,,,,,
Sri Lanka,Yes,Route,998,3403,,,,,,,,,,,,,,,,2405,,,,,,,998,,,,,,,,,,,,,,,,,,,,,,,2024,,https://www.ceb.lk/front_img/img_reports/1751344341Statistical_Digest_2024.pdf,route km,LK,http://www.wikidata.org/entity/Q854,25/11/2025,,,,,,,,,
Sudan,No,,,,,,,,,,,,,,,,,,,,,,,,,,,,,,,,,,,,,,,,,,,,,,,,,,,,,SD,http://www.wikidata.org/entity/Q1049,25/11/2025,,,,,,,,,
Suriname,No,,,,,,,,,,,,,,,,,,,,,,,,,,,,,,,,,,,,,,,,,,,,,,,,,,,,,SR,http://www.wikidata.org/entity/Q730,31/10/2025,,,,,,,,,
Sweden,Yes,,,37459,,,,,,,,,,,,,,,,,,,,,,,,,,,,,,,,,,,,,,,,,,,,,,2023,,https://ei.se/download/18.b54ecb318babacdf9d2f09/1729769830205/S%C3%A4rskild-rapport-teknisk-data-regionn%C3%A4t-och-transmissionsn%C3%A4t.xlsx,Csv file with lengths for different voltage ranges for DSOs and the TSO,SE,http://www.wikidata.org/entity/Q34,25/11/2025,,,,,,,,19813,17646
Switzerland,Yes,,6820,10931,,,,,,,,,,,,,,,,,,,,,,,4883,,,,,,,,,,1937,,,,,,,,,,,,,,,,,CH,http://www.wikidata.org/entity/Q39,25/11/2025,,,,,,4111,,,
Syria,No,,,,,,,,,,,,,,,,,,,,,,,,,,,,,,,,,,,,,,,,,,,,,,,,,,,,,SY,http://www.wikidata.org/entity/Q858,25/11/2025,,,,,,,,,
Tajikistan,Yes,,,,,,,,,,,,,,,,4327,,,,,,,,,,1960,,,,,,,,,,,,,,,489,,,,,,,,2017,,https://mewr.tj/wp-content/uploads/files/Plan_razv_enrgo_tom1.pdf,Outdated but could not find more recent numbers,TJ,http://www.wikidata.org/entity/Q863,25/11/2025,,,,,,,,,
Tanzania,Yes,,5340,8025,,,,,,580,,,,,,,,,,1825,,,,,,,4095,,,,,,,,,,,1245,,,,,,,,,,,,2024;2024,"https://www.mof.go.tz/uploads/documents/en-1757496956-ECONOMIC%20SURVEY%20BOOK,%202024%20SEPT_SENT%20FINAL.pdf#:~:text=356,In%20addition%2C%20electricity",https://www.ewura.go.tz/uploads/documents/en-1744809963-EWURA-FACT-SHEET.pdf,,TZ,http://www.wikidata.org/entity/Q924,31/10/2025,,,,,,,,,
Thailand,Yes,Yes,24960,40295,,,,,,,19,,,,,,,15307,,9,,,,,,,,,15642,,,23,,,,,,,,,,9295,,,,,,,,2025,,https://www.egat.co.th/home/en/statistics-transmission-latest/,300kv is HVDC,TH,http://www.wikidata.org/entity/Q869,25/11/2025,,,,,,,,,
Timor-Leste,Yes,Yes,0,603.4,,,,,,,,,,,,,,,,,,603.4,,,,,,,,,,,,,,,,,,,,,,,,,,,,Post-2021,,https://www.edtl-ep.tl/department/en/2979994931093398343149/,,TL,http://www.wikidata.org/entity/Q574,25/11/2025,,,,,,,,,
Togo,No,,,,,,,,,,,,,,,,,,,,,,,,,,,,,,,,,,,,,,,,,,,,,,,,,,,,,TG,http://www.wikidata.org/entity/Q945,31/10/2025,,,,,,,,,
Tonga,No,,,0,,,,,,,,,,,,,,,,,,,,,,,,,,,,,,,,,,,,,,,,,,,,,,,,,,TO,http://www.wikidata.org/entity/Q678,25/11/2025,,,,,,,,,
Trinidad and Tobago,No,,,,,,,,,,,,,,,,,,,,,,,,,,,,,,,,,,,,,,,,,,,,,,,,,,,,,TT,http://www.wikidata.org/entity/Q754,25/11/2025,,,,,,,,,
Tunisia,Yes,,3112,6793,,,,,,,,,,,1350,,,,,,,2331,,,,,,2902,,,,,,,,,,210,,,,,,,,,,,,2021,,https://www.energiemines.gov.tn/fr/themes/energie/electricite-gaz/electricite/transport-et-distribution/,,TN,http://www.wikidata.org/entity/Q948,31/10/2025,,,,,,,,,
Turkey,Yes,Yes,26522,75731.5,,,,,,119.5,,,,,,,,,,,,,49090,,,,85,,,,,,,,,,26437,,,,,,,,,,,,,2024,,https://webim.teias.gov.tr/file/5e2cb86f-c76a-43d4-a6f2-c4fa91dc5a8f?download,,TR,http://www.wikidata.org/entity/Q43,25/11/2025,,,,,,,,,
Turkmenistan,No,,,,,,,,,,,,,,,,,,,,,,,,,,,,,,,,,,,,,,,,,,,,,,,,,,,,,TM,http://www.wikidata.org/entity/Q874,25/11/2025,,,,,,,,,
Tuvalu,No,,,,,,,,,,,,,,,,,,,,,,,,,,,,,,,,,,,,,,,,,,,,,,,,,,,,,TV,http://www.wikidata.org/entity/Q672,25/11/2025,,,,,,,,,
Uganda,Yes,Yes,1608,4633,,,,,,35,,,,,,,,,,2990,,,,,,,1002,,,,,,,,,,,606,,,,,,,,,,,,2024,,"https://uetcl.go.ug/wp-content/uploads/2024/10/UETCL-Corporate-Strategic-Plan-2024-2029.pdf#:~:text=12%20Transmission%20Line%20Coverage%20Length,to%208%2C180%20km%20by%202029",,UG,http://www.wikidata.org/entity/Q1036,31/10/2025,,,,,,,,,
Ukraine,Yes,Yes,22859,23428,,,,,,,,,,,,,569,,,,,,,,,,4026,,,,,,,13617,,,,339,,,,375,,,,4403,,99,,2021,,https://www.energy-community.org/dam/jcr:9d144283-08ed-410b-a670-7fd15c7782f2/1,"800kv is AC. Due to the war, it is difficult to find numbers on the TSO's page. This report gives 2021 numbers from the 2022-2031 Transmission System Development Plan. 110kv is also run by DSOs, but numbers could not be found so the 110kv is a big underrepresentation.",UA,http://www.wikidata.org/entity/Q212,25/11/2025,,,,,,,,,
United Arab Emirates,Yes,,,15618,,,,,,,,,,,,,,,,3100,,,,,,,,,,,,,,,,,,1414,,,,,,,,,,,,2024,https://www.taqa.com/wp-content/uploads/2025/03/TAQA-IR-24_EN_11042025.pdf ; https://www.dewa.gov.ae/-/media/Files/Sustainability_Report_Eng_2024_V4.ashx,,"TAQA only discloses total length. DEWA discloses per voltage. The total is the sum of both, but per voltage it's just DEWA numbers. Also, most 132kv is underground for DEWA.",AE,http://www.wikidata.org/entity/Q878,25/11/2025,,,,,,,,,
United Kingdom,Yes,Yes,,46402,,,,,,,,,,,,,1430,,,18578,,323.5,84,,,,2766,,,,5249,,846,,,,,12478,,,,,,422,,,,,,2025,,Check calculations sheet for all sources,"Check calculations sheet. Total number includes NGET+SPT+SHE+Offshore+INtraGB interconnectors+SONI+132kv from DSOs. Per voltage numbers are missing SPT, and NIEnetworks.",GB,http://www.wikidata.org/entity/Q145,25/11/2025,,,,,,,,,
United States,Yes,,,952267,,,,,,,,,,,,,,,,,,,,,,,,,,,,,,,,,,,,,,,,,,,,,,2024,,https://www.nerc.com/globalassets/programs/rapa/pa/nerc_sor_2025_technical_assessment.pdf,"This number is from the BPS, which includes Canada which is not ideal at all. Furthemore, it is 100kv+. Future work could include going through the different regulators in the US and aggregating. Or, finding a number for Canada, and subtracting",US,http://www.wikidata.org/entity/Q30,25/11/2025,,,,,,,,,
Uruguay,Yes,Yes,1209,5901,,,28,,,,,,,,,,,,,,,4664,,,,,,,11,,,,,,,,,,,,,1198,,,,,,,,2024,,https://portal.ute.com.uy/sites/default/files/generico/UTE%20en%20Cifras%202024%20TRIPTICO%202025-03-26.pdf,,UY,http://www.wikidata.org/entity/Q77,31/10/2025,,,,,,,,,
Uzbekistan,Yes,,,36877,,,,,,,,,,,,,,,,,,,,,,,,,,,,,,,,,,,,,,,,,,,,,,,,https://uza.uz/oz/posts/ozbekiston-milliy-elektr-tarmoqlari-aj-kuz-qish-mavsumida-elektr-energiyasi-barqaror-yetkazib-beriladi_765903,I found a number but it includes 35kv: https://www.uzbekistonmet.uz/en/lists/view/79 This does not include 220kV: https://www.het.uz/ru/pages/view/general_inf,UZ,http://www.wikidata.org/entity/Q265,25/11/2025,,,,,,,,,
Vanuatu,No,,,,,,,,,,,,,,,,,,,,,,,,,,,,,,,,,,,,,,,,,,,,,,,,,,,,,VU,http://www.wikidata.org/entity/Q686,25/11/2025,,,,,,,,,
Vatican City,No,,,,,,,,,,,,,,,,,,,,,,,,,,,,,,,,,,,,,,,,,,,,,,,,,,,,,VA,http://www.wikidata.org/entity/Q237,25/11/2025,,,,,,,,,
Venezuela,No,,,,,,,,,,,,,,,,,,,,,,,,,,,,,,,,,,,,,,,,,,,,,,,,,,,,,VE,http://www.wikidata.org/entity/Q717,31/10/2025,,,,,,,,,
Vietnam,Yes,,40019,61880,,,,,,,,,,,,,21861,,,,,,,,,,29552,,,,,,,,,,,,,,,10467,,,,,,,,2023,,https://en.evn.com.vn/en-US/bao-cao-thuong-nien/Annual-Report-60-13,,VN,http://www.wikidata.org/entity/Q881,31/10/2025,,,,,,,,,
Yemen,No,,,,,,,,,,,,,,,,,,,,,,,,,,,,,,,,,,,,,,,,,,,,,,,,,,,,,YE,http://www.wikidata.org/entity/Q805,25/11/2025,,,,,,,,,
Zambia,Yes,,,12705,,,,,,,,,,,,,,,,,,,,,,,,,,,,,,,,,,,,,,,,,,,,,,2023,,https://www.moe.gov.zm/wp-content/uploads/2023/11/3.-IRP-Highlights.pdf,,ZM,http://www.wikidata.org/entity/Q953,31/10/2025,,,,,,,,,
Zimbabwe,Yes,,,8165,,,,,,,,,,,,,,,,,,,,,,,,,,,,,,,,,,,,,,,,,,,,,,2024,,https://www.zera.co.zw/wp-content/uploads/simple-file-list/POLICIES/Zimbabwe-Energy-compact_web.pdf,,ZW,http://www.wikidata.org/entity/Q954,31/10/2025,,,,,,,,,
Total,,,,"7,653,655",,,,,,,,,,,,,,,,,,,,,,,,,,,,,,,,,,,,,,,,,,,,,,2023.529915,,,,,,,,,,,,,,,